Index,LCSC#,MPN,Manufacturer,Package,Customer #,Description,RoHS,Quantity,MOQ,Multiple,Unit Price($),Extended Price($),Product Link
1,C22548,RC0603FR-071KL,YAGEO,0603,,100mW 1kΩ 75V Thick Film Resistor ±100ppm/℃ ±1% 0603 Chip Resistor - Surface Mount RoHS,yes,100,100,100,0.0016,0.16,https://www.lcsc.com/product-detail/C22548.html
2,C95204,RT0603BRD0710KL,YAGEO,0603,,100mW 10kΩ 75V Thin Film Resistor ±25ppm/℃ ±0.1% 0603 Chip Resistor - Surface Mount RoHS,yes,20,20,20,0.0232,0.46,https://www.lcsc.com/product-detail/C95204.html
3,C19702,CL10A106KP8NNNC,Samsung Electro-Mechanics,0603,,10uF ±10% 10V Ceramic Capacitor X5R 0603,yes,20,20,20,0.0139,0.28,https://www.lcsc.com/product-detail/C19702.html
4,C86295,CL10A226MP8NUNE,Samsung Electro-Mechanics,0603,,22uF ±20% 10V Ceramic Capacitor X5R 0603,yes,10,10,10,0.0211,0.21,https://www.lcsc.com/product-detail/C86295.html
5,C19666,CL10A475KO8NNNC,Samsung Electro-Mechanics,0603,,4.7uF ±10% 16V Ceramic Capacitor X5R 0603,yes,10,10,10,0.0140,0.14,https://www.lcsc.com/product-detail/C19666.html
6,C1590,CL10B104KA8NNNC,Samsung Electro-Mechanics,0603,,100nF ±10% 25V Ceramic Capacitor X7R 0603,yes,100,100,100,0.0049,0.49,https://www.lcsc.com/product-detail/C1590.html
7,C3715625,69146-206LF,Amphenol,P=2.54mm,,"Open-Top 2.54mm P=2.54mm Shunts, Jumpers RoHS",yes,1,1,1,1.0735,1.07,https://www.lcsc.com/product-detail/C3715625.html
8,C99782,RC0603FR-074K7L,YAGEO,0603,,100mW 4.7kΩ 75V Thick Film Resistor ±100ppm/℃ ±1% 0603 Chip Resistor - Surface Mount RoHS,yes,100,100,100,0.0015,0.15,https://www.lcsc.com/product-detail/C99782.html
9,C6186,AMS1117-3.3,Advanced Monolithic Systems,SOT-223,,"3.3V Positive Fixed SOT-223 Voltage Regulators - Linear, Low Drop Out (LDO) Regulators RoHS",yes,5,5,5,0.2036,1.02,https://www.lcsc.com/product-detail/C6186.html
10,C2683055,IST8310,iSentek,LGA-16(3x3),,"LGA-16(3x3) Linear, Compass (ICs) ",-,1,1,1,5.6313,5.63,https://www.lcsc.com/product-detail/C2683055.html
11,C96446,CL10A106MA8NRNC,Samsung Electro-Mechanics,0603,,10uF ±20% 25V Ceramic Capacitor X5R 0603,yes,20,20,20,0.0307,0.61,https://www.lcsc.com/product-detail/C96446.html
12,C1525,CL05B104KO5NNNC,Samsung Electro-Mechanics,0402,,100nF ±10% 16V Ceramic Capacitor X7R 0402,yes,100,100,100,0.0017,0.17,https://www.lcsc.com/product-detail/C1525.html
13,C1634,CL10C100JB8NNNC,Samsung Electro-Mechanics,0603,,10pF ±5% 50V Ceramic Capacitor C0G 0603,yes,100,100,100,0.0057,0.57,https://www.lcsc.com/product-detail/C1634.html
14,C23630,CL10A225KO8NNNC,Samsung Electro-Mechanics,0603,,2.2uF ±10% 16V Ceramic Capacitor X5R 0603,yes,50,50,50,0.0093,0.47,https://www.lcsc.com/product-detail/C23630.html
15,C49678,CC0805KRX7R9BB104,YAGEO,0805,,100nF ±10% 50V Ceramic Capacitor X7R 0805,yes,100,100,100,0.0078,0.78,https://www.lcsc.com/product-detail/C49678.html
16,C45783,CL21A226MAQNNNE,Samsung Electro-Mechanics,0805,,22uF ±20% 25V Ceramic Capacitor X5R 0805,yes,20,20,20,0.0632,1.26,https://www.lcsc.com/product-detail/C45783.html
17,C1604,0603B222K500NT,FH,0603,,2.2nF ±10% 50V Ceramic Capacitor X7R 0603,yes,100,100,100,0.0038,0.38,https://www.lcsc.com/product-detail/C1604.html
18,C2286,KT-0603R,Hubei KENTO Elec,0603,,Red 645nm LED Indication - Discrete 2.4V 0603,yes,100,100,100,0.0070,0.70,https://www.lcsc.com/product-detail/C2286.html
19,C8598,B5819W SL,JSCJ,SOD-123,,Diode 40V 1A Surface Mount SOD-123,yes,20,20,20,0.0244,0.49,https://www.lcsc.com/product-detail/C8598.html
20,C20798,SMD1206P025TF,RUILON,1206,,Polymeric PTC Resettable Fuse 16V 250mA Surface Mount 1206,yes,10,10,10,0.0873,0.87,https://www.lcsc.com/product-detail/C20798.html
21,C17408,0805W8F1000T5E,UNI-ROYAL,0805,,100Ω ±1% 125mW 0805 Thick Film Resistor,yes,100,100,100,0.0024,0.24,https://www.lcsc.com/product-detail/C17408.html
22,C167872,FNR4030S3R9MT,cjiang,"SMD,4x4mm",,"2.3A 3.9uH ±20% 3.3A 74mΩ Magnetic Shielded Inductor SMD,4x4mm Fixed Inductors RoHS",yes,10,10,10,0.0791,0.79,https://www.lcsc.com/product-detail/C167872.html
23,C15127,AO3401A,AOS,SOT-23,,30V 4A Surface Mount SOT-23,yes,10,10,10,0.0629,0.63,https://www.lcsc.com/product-detail/C15127.html
24,C25804,0603WAF1002T5E,UNI-ROYAL,0603,,10kΩ ±1% 100mW 0603 Thick Film Resistor,yes,200,100,100,0.0033,0.66,https://www.lcsc.com/product-detail/C25804.html
25,C4190,0603WAF2201T5E,UNI-ROYAL,0603,,2.2kΩ ±1% 100mW 0603 Thick Film Resistor,yes,100,100,100,0.0015,0.15,https://www.lcsc.com/product-detail/C4190.html
26,C21190,0603WAF1001T5E,UNI-ROYAL,0603,,1kΩ ±1% 100mW 0603 Thick Film Resistor,yes,100,100,100,0.0016,0.16,https://www.lcsc.com/product-detail/C21190.html
27,C318884,TS-1187A-B-A-B,XKB Connection,"SMD-4P,5.1x5.1mm",,Tactile Switch SPST 160gf 1.5mm 5.1mm x 5.1mm Surface Mount,yes,20,20,20,0.0206,0.41,https://www.lcsc.com/product-detail/C318884.html
28,C15742,STM32F405RGT6,ST,LQFP-64(10x10),,ARM Cortex-M4 32 Bit 168MHz 51 LQFP-64(10x10) Microcontrollers RoHS,yes,2,1,1,4.2933,8.59,https://www.lcsc.com/product-detail/C15742.html
29,C780769,AP63203WU-7,DIODES,TSOT-23-6,,1.1MHz Step-down type Fixed 2A 3.3V TSOT-23-6 Voltage Regulators - DC DC Switching Regulators RoHS,yes,2,1,1,0.5593,1.12,https://www.lcsc.com/product-detail/C780769.html
30,C7519,USBLC6-2SC6,ST,SOT-23-6L,,17VC Clamp 5A Ipp ESD DIODE SOT-23-6L,yes,5,5,5,0.1531,0.77,https://www.lcsc.com/product-detail/C7519.html
31,C361025,LD39015M18R,ST,SOT-23-5,,"1.8V Positive Fixed SOT-23-5 Voltage Regulators - Linear, Low Drop Out (LDO) Regulators RoHS",yes,1,1,1,0.7042,0.70,https://www.lcsc.com/product-detail/C361025.html
32,C2802637,"NTS0104PW,118",NXP,TSSOP-14,,"50Mbps 1 4 TSSOP-14 Translators, Level Shifters RoHS",yes,1,1,1,0.9592,0.96,https://www.lcsc.com/product-detail/C2802637.html
33,C83291,BMP280,Bosch,LGA-8(2x2.5),,"30Kpa~1.1bar LGA-8(2x2.5) Pressure Sensors, Transducers RoHS",yes,1,1,1,6.8962,6.90,https://www.lcsc.com/product-detail/C83291.html
34,C13738,X322516MLB4SI,YXC Crystal Oscillators,SMD3225-4P,,Crystal 16MHz ±10ppm 9pF SMD3225-4P,yes,10,10,10,0.0723,0.72,https://www.lcsc.com/product-detail/C13738.html
35,C14663,CC0603KRX7R9BB104,YAGEO,0603,,100nF ±10% 50V Ceramic Capacitor X7R 0603,yes,100,100,100,0.0075,0.75,https://www.lcsc.com/product-detail/C14663.html
36,C159801,CL10A226MQ8NRNE,Samsung Electro-Mechanics,0603,,22uF ±20% 6.3V Ceramic Capacitor X5R 0603,yes,20,20,20,0.0135,0.27,https://www.lcsc.com/product-detail/C159801.html
37,C2480,SS14,MDD(Microdiode Semiconductor),SMA(DO-214AC),,Diode Independent 40V 1A Surface Mount SMA(DO-214AC),yes,50,50,50,0.0169,0.85,https://www.lcsc.com/product-detail/C2480.html
38,C20917,AO3400A,AOS,SOT-23,,N-Channel 30V Surface Mount SOT-23-3L,yes,5,5,5,0.0828,0.41,https://www.lcsc.com/product-detail/C20917.html
39,C23186,0603WAF5101T5E,UNI-ROYAL,0603,,5.1kΩ ±1% 100mW 0603 Thick Film Resistor,yes,100,100,100,0.0016,0.16,https://www.lcsc.com/product-detail/C23186.html
40,C2980299,ESP32-S3-MINI-1U-N8,ESPRESSIF,VFQFN-56-EP,,2.4GHz ESP32-S3 -98.4dBm VFQFN-56-EP RF Transceiver Modules and Modems RoHS,yes,1,1,1,4.9065,4.91,https://www.lcsc.com/product-detail/C2980299.html
